{
	"configs" : [
		{
			"remarks" : "PHK8",
			"id" : "507AAE7CEB1706B8E51459D8CBDA6EAA",
			"server" : "phk8-server.sgateway.link",
			"server_port" : 706,
			"server_udp_port" : 0,
			"password" : "socketpro",
			"method" : "rc4-md5",
			"protocol" : "auth_aes128_md5",
			"protocolparam" : "11046:PxNbb7YQPnSo",
			"obfs" : "http_simple",
			"obfsparam" : "i0.hdslb.com",
			"remarks_base64" : "UEhLOA",
			"group" : "SocketPro",
			"enable" : true,
			"udp_over_tcp" : false
		},
		{
			"remarks" : "US1",
			"id" : "98E0E215A51B3D2A509FF1C4ACF7ACDF",
			"server" : "us1.sgateway.link",
			"server_port" : 706,
			"server_udp_port" : 0,
			"password" : "socketpro",
			"method" : "rc4-md5",
			"protocol" : "auth_aes128_md5",
			"protocolparam" : "11046:PxNbb7YQPnSo",
			"obfs" : "plain",
			"obfsparam" : "",
			"remarks_base64" : "VVMx",
			"group" : "SocketPro",
			"enable" : true,
			"udp_over_tcp" : false
		}
	],
	"index" : 0,
	"random" : false,
	"sysProxyMode" : 2,
	"shareOverLan" : false,
	"localPort" : 1080,
	"localAuthPassword" : "5JztWWdYNn2fVhy3XXb2",
	"dnsServer" : "",
	"reconnectTimes" : 3,
	"randomAlgorithm" : 3,
	"randomInGroup" : false,
	"TTL" : 30,
	"connectTimeout" : 5,
	"proxyRuleMode" : 2,
	"proxyEnable" : false,
	"pacDirectGoProxy" : false,
	"proxyType" : 0,
	"proxyHost" : "",
	"proxyPort" : 0,
	"proxyAuthUser" : "",
	"proxyAuthPass" : "",
	"proxyUserAgent" : null,
	"authUser" : "",
	"authPass" : "",
	"autoBan" : false,
	"sameHostForSameTarget" : true,
	"keepVisitTime" : 180,
	"isHideTips" : true,
	"nodeFeedAutoUpdate" : true,
	"serverSubscribes" : [

	],
	"token" : {

	},
	"portMap" : {

	}
}