{
	"configs" : [
		{
			"remarks" : "[V1] 台湾1",
			"id" : "A7350529DA15BF66100E29D6E9997D3B",
			"server" : "hinet1.puffvip.com",
			"server_port" : 1063,
			"server_udp_port" : 0,
			"password" : "Paofu",
			"method" : "chacha20",
			"protocol" : "auth_aes128_sha1",
			"protocolparam" : "105835:BDuf8G",
			"obfs" : "plain",
			"obfsparam" : "33a96105835.microsoft.com",
			"remarks_base64" : "W1YxXSDlj7Dmub4x",
			"group" : "泡芙云",
			"enable" : true,
			"udp_over_tcp" : false
		},
		{
			"remarks" : "[V1] 台湾2",
			"id" : "5D18AC1547021A1B5DDE6193CF831069",
			"server" : "hinet2.puffvip.com",
			"server_port" : 1063,
			"server_udp_port" : 0,
			"password" : "Paofu",
			"method" : "chacha20",
			"protocol" : "auth_aes128_sha1",
			"protocolparam" : "105835:BDuf8G",
			"obfs" : "plain",
			"obfsparam" : "33a96105835.microsoft.com",
			"remarks_base64" : "W1YxXSDlj7Dmub4y",
			"group" : "泡芙云",
			"enable" : true,
			"udp_over_tcp" : false
		},
		{
			"remarks" : "[V1] 台湾3",
			"id" : "5E881E7F2B8D2D4C0662E016C1296336",
			"server" : "hinet5.puffvip.com",
			"server_port" : 1063,
			"server_udp_port" : 0,
			"password" : "Paofu",
			"method" : "chacha20",
			"protocol" : "auth_aes128_sha1",
			"protocolparam" : "105835:BDuf8G",
			"obfs" : "plain",
			"obfsparam" : "33a96105835.microsoft.com",
			"remarks_base64" : "W1YxXSDlj7Dmub4z",
			"group" : "泡芙云",
			"enable" : true,
			"udp_over_tcp" : false
		},
		{
			"remarks" : "[V1] 新加坡1",
			"id" : "31DB6BA7FE637445A657EE216A8C9E3A",
			"server" : "sg-azure-2.puffvip.com",
			"server_port" : 1063,
			"server_udp_port" : 0,
			"password" : "Paofu",
			"method" : "chacha20",
			"protocol" : "auth_aes128_sha1",
			"protocolparam" : "105835:BDuf8G",
			"obfs" : "plain",
			"obfsparam" : "33a96105835.microsoft.com",
			"remarks_base64" : "W1YxXSDmlrDliqDlnaEx",
			"group" : "泡芙云",
			"enable" : true,
			"udp_over_tcp" : false
		},
		{
			"remarks" : "[V1] 新加坡2",
			"id" : "BF57C118A2E523A00C8B9B9406DE1636",
			"server" : "sg-azure-1.puffvip.com",
			"server_port" : 1063,
			"server_udp_port" : 0,
			"password" : "Paofu",
			"method" : "chacha20",
			"protocol" : "auth_aes128_sha1",
			"protocolparam" : "105835:BDuf8G",
			"obfs" : "plain",
			"obfsparam" : "33a96105835.microsoft.com",
			"remarks_base64" : "W1YxXSDmlrDliqDlnaEy",
			"group" : "泡芙云",
			"enable" : true,
			"udp_over_tcp" : false
		},
		{
			"remarks" : "[V1] 新加坡3",
			"id" : "65E02FFC728FC6AB113A3377BE1D86D3",
			"server" : "sg-azure-3.puffvip.com",
			"server_port" : 1063,
			"server_udp_port" : 0,
			"password" : "Paofu",
			"method" : "chacha20",
			"protocol" : "auth_aes128_sha1",
			"protocolparam" : "105835:BDuf8G",
			"obfs" : "plain",
			"obfsparam" : "33a96105835.microsoft.com",
			"remarks_base64" : "W1YxXSDmlrDliqDlnaEz",
			"group" : "泡芙云",
			"enable" : true,
			"udp_over_tcp" : false
		},
		{
			"remarks" : "[V1] 日本1",
			"id" : "1A9C3A559755DA445D9478953299C000",
			"server" : "jp-azure-2.puffvip.com",
			"server_port" : 1063,
			"server_udp_port" : 0,
			"password" : "Paofu",
			"method" : "chacha20",
			"protocol" : "auth_aes128_sha1",
			"protocolparam" : "105835:BDuf8G",
			"obfs" : "plain",
			"obfsparam" : "33a96105835.microsoft.com",
			"remarks_base64" : "W1YxXSDml6XmnKwx",
			"group" : "泡芙云",
			"enable" : true,
			"udp_over_tcp" : false
		},
		{
			"remarks" : "[V1] 日本2",
			"id" : "9445B8C11957440F28D30A4A65C6665C",
			"server" : "jp-azure-1.puffvip.com",
			"server_port" : 1063,
			"server_udp_port" : 0,
			"password" : "Paofu",
			"method" : "chacha20",
			"protocol" : "auth_aes128_sha1",
			"protocolparam" : "105835:BDuf8G",
			"obfs" : "plain",
			"obfsparam" : "33a96105835.microsoft.com",
			"remarks_base64" : "W1YxXSDml6XmnKwy",
			"group" : "泡芙云",
			"enable" : true,
			"udp_over_tcp" : false
		},
		{
			"remarks" : "[V1] 日本3",
			"id" : "2637EF737DDAA650CC016ACE76EC8D85",
			"server" : "jp-azure-3.puffvip.com",
			"server_port" : 1063,
			"server_udp_port" : 0,
			"password" : "Paofu",
			"method" : "chacha20",
			"protocol" : "auth_aes128_sha1",
			"protocolparam" : "105835:BDuf8G",
			"obfs" : "plain",
			"obfsparam" : "33a96105835.microsoft.com",
			"remarks_base64" : "W1YxXSDml6XmnKwz",
			"group" : "泡芙云",
			"enable" : true,
			"udp_over_tcp" : false
		},
		{
			"remarks" : "[V1] 日本4",
			"id" : "C6B05924904393F8BF7EA7D225FA8DAF",
			"server" : "jp-azure-4.puffvip.com",
			"server_port" : 1063,
			"server_udp_port" : 0,
			"password" : "Paofu",
			"method" : "chacha20",
			"protocol" : "auth_aes128_sha1",
			"protocolparam" : "105835:BDuf8G",
			"obfs" : "plain",
			"obfsparam" : "33a96105835.microsoft.com",
			"remarks_base64" : "W1YxXSDml6XmnKw0",
			"group" : "泡芙云",
			"enable" : true,
			"udp_over_tcp" : false
		},
		{
			"remarks" : "[V1] 日本5",
			"id" : "FDE396A276676842235E8D2D6D997A49",
			"server" : "jp-azure-5.puffvip.com",
			"server_port" : 1063,
			"server_udp_port" : 0,
			"password" : "Paofu",
			"method" : "chacha20",
			"protocol" : "auth_aes128_sha1",
			"protocolparam" : "105835:BDuf8G",
			"obfs" : "plain",
			"obfsparam" : "33a96105835.microsoft.com",
			"remarks_base64" : "W1YxXSDml6XmnKw1",
			"group" : "泡芙云",
			"enable" : true,
			"udp_over_tcp" : false
		},
		{
			"remarks" : "[V1] 韩国",
			"id" : "B44954D36DC7FE794FF458F6C236E26D",
			"server" : "kr-azure-1.puffvip.com",
			"server_port" : 1063,
			"server_udp_port" : 0,
			"password" : "Paofu",
			"method" : "chacha20",
			"protocol" : "auth_aes128_sha1",
			"protocolparam" : "105835:BDuf8G",
			"obfs" : "plain",
			"obfsparam" : "33a96105835.microsoft.com",
			"remarks_base64" : "W1YxXSDpn6nlm70",
			"group" : "泡芙云",
			"enable" : true,
			"udp_over_tcp" : false
		},
		{
			"remarks" : "[V1] 香港01",
			"id" : "2E7E9D05C0A1628417DB1AAD2A2084B6",
			"server" : "hkt1.puffvip.com",
			"server_port" : 1063,
			"server_udp_port" : 0,
			"password" : "Paofu",
			"method" : "chacha20",
			"protocol" : "auth_aes128_sha1",
			"protocolparam" : "105835:BDuf8G",
			"obfs" : "plain",
			"obfsparam" : "33a96105835.microsoft.com",
			"remarks_base64" : "W1YxXSDpppnmuK8wMQ",
			"group" : "泡芙云",
			"enable" : true,
			"udp_over_tcp" : false
		},
		{
			"remarks" : "[V1] 香港02",
			"id" : "15FA51DE65E73FC17183DE0C60BDA848",
			"server" : "hkt2.puffvip.com",
			"server_port" : 1063,
			"server_udp_port" : 0,
			"password" : "Paofu",
			"method" : "chacha20",
			"protocol" : "auth_aes128_sha1",
			"protocolparam" : "105835:BDuf8G",
			"obfs" : "plain",
			"obfsparam" : "33a96105835.microsoft.com",
			"remarks_base64" : "W1YxXSDpppnmuK8wMg",
			"group" : "泡芙云",
			"enable" : true,
			"udp_over_tcp" : false
		},
		{
			"remarks" : "[V1] 香港03",
			"id" : "0F985D29563793FC27BDBF477828F54D",
			"server" : "hkt3.puffvip.com",
			"server_port" : 1063,
			"server_udp_port" : 0,
			"password" : "Paofu",
			"method" : "chacha20",
			"protocol" : "auth_aes128_sha1",
			"protocolparam" : "105835:BDuf8G",
			"obfs" : "plain",
			"obfsparam" : "33a96105835.microsoft.com",
			"remarks_base64" : "W1YxXSDpppnmuK8wMw",
			"group" : "泡芙云",
			"enable" : true,
			"udp_over_tcp" : false
		},
		{
			"remarks" : "[V1] 香港04",
			"id" : "A568D7977620005E0F6EB3CFEB34B585",
			"server" : "az-37-hk-2.puffvip.com",
			"server_port" : 1063,
			"server_udp_port" : 0,
			"password" : "Paofu",
			"method" : "chacha20",
			"protocol" : "auth_aes128_sha1",
			"protocolparam" : "105835:BDuf8G",
			"obfs" : "plain",
			"obfsparam" : "33a96105835.microsoft.com",
			"remarks_base64" : "W1YxXSDpppnmuK8wNA",
			"group" : "泡芙云",
			"enable" : true,
			"udp_over_tcp" : false
		},
		{
			"remarks" : "[V1] 香港05",
			"id" : "1F2D1E8F9541C2FC1A4350B3A1DD82D4",
			"server" : "az-37-hk-3.puffvip.com",
			"server_port" : 1063,
			"server_udp_port" : 0,
			"password" : "Paofu",
			"method" : "chacha20",
			"protocol" : "auth_aes128_sha1",
			"protocolparam" : "105835:BDuf8G",
			"obfs" : "plain",
			"obfsparam" : "33a96105835.microsoft.com",
			"remarks_base64" : "W1YxXSDpppnmuK8wNQ",
			"group" : "泡芙云",
			"enable" : true,
			"udp_over_tcp" : false
		},
		{
			"remarks" : "[V1] 香港07",
			"id" : "69CA094BF4CC8840DB192BC693B52004",
			"server" : "hk-azure-6.puffvip.com",
			"server_port" : 1063,
			"server_udp_port" : 0,
			"password" : "Paofu",
			"method" : "chacha20",
			"protocol" : "auth_aes128_sha1",
			"protocolparam" : "105835:BDuf8G",
			"obfs" : "plain",
			"obfsparam" : "33a96105835.microsoft.com",
			"remarks_base64" : "W1YxXSDpppnmuK8wNw",
			"group" : "泡芙云",
			"enable" : true,
			"udp_over_tcp" : false
		},
		{
			"remarks" : "[V1] 香港08",
			"id" : "51779BEF4C1B39DD0361B3849E7E5826",
			"server" : "hk-azure-4.puffvip.com",
			"server_port" : 1063,
			"server_udp_port" : 0,
			"password" : "Paofu",
			"method" : "chacha20",
			"protocol" : "auth_aes128_sha1",
			"protocolparam" : "105835:BDuf8G",
			"obfs" : "plain",
			"obfsparam" : "33a96105835.microsoft.com",
			"remarks_base64" : "W1YxXSDpppnmuK8wOA",
			"group" : "泡芙云",
			"enable" : true,
			"udp_over_tcp" : false
		},
		{
			"remarks" : "[V1] 香港09",
			"id" : "7981EE3EABE3F535EF463448AC393156",
			"server" : "az-37-hk-1.puffvip.com",
			"server_port" : 1063,
			"server_udp_port" : 0,
			"password" : "Paofu",
			"method" : "chacha20",
			"protocol" : "auth_aes128_sha1",
			"protocolparam" : "105835:BDuf8G",
			"obfs" : "plain",
			"obfsparam" : "33a96105835.microsoft.com",
			"remarks_base64" : "W1YxXSDpppnmuK8wOQ",
			"group" : "泡芙云",
			"enable" : true,
			"udp_over_tcp" : false
		},
		{
			"remarks" : "[V1] 香港10",
			"id" : "29942898594843D4D2E3CE079B45203A",
			"server" : "hk-azure-3.puffvip.com",
			"server_port" : 1063,
			"server_udp_port" : 0,
			"password" : "Paofu",
			"method" : "chacha20",
			"protocol" : "auth_aes128_sha1",
			"protocolparam" : "105835:BDuf8G",
			"obfs" : "plain",
			"obfsparam" : "33a96105835.microsoft.com",
			"remarks_base64" : "W1YxXSDpppnmuK8xMA",
			"group" : "泡芙云",
			"enable" : true,
			"udp_over_tcp" : false
		},
		{
			"remarks" : "[V1] 香港11",
			"id" : "E87BCDB5AD51EEE698837C92FAD79441",
			"server" : "hk-azure-9.puffvip.com",
			"server_port" : 1063,
			"server_udp_port" : 0,
			"password" : "Paofu",
			"method" : "chacha20",
			"protocol" : "auth_aes128_sha1",
			"protocolparam" : "105835:BDuf8G",
			"obfs" : "plain",
			"obfsparam" : "33a96105835.microsoft.com",
			"remarks_base64" : "W1YxXSDpppnmuK8xMQ",
			"group" : "泡芙云",
			"enable" : true,
			"udp_over_tcp" : false
		},
		{
			"remarks" : "[V1] 香港12",
			"id" : "697B2BFF67A39FC6166D61388E7263E1",
			"server" : "hk-azure-12.puffvip.com",
			"server_port" : 1063,
			"server_udp_port" : 0,
			"password" : "Paofu",
			"method" : "chacha20",
			"protocol" : "auth_aes128_sha1",
			"protocolparam" : "105835:BDuf8G",
			"obfs" : "plain",
			"obfsparam" : "33a96105835.microsoft.com",
			"remarks_base64" : "W1YxXSDpppnmuK8xMg",
			"group" : "泡芙云",
			"enable" : true,
			"udp_over_tcp" : false
		},
		{
			"remarks" : "[V1] 香港13",
			"id" : "40939820F2E31C5A10587B67A1B0B1D1",
			"server" : "hk-azure-13.puffvip.com",
			"server_port" : 1063,
			"server_udp_port" : 0,
			"password" : "Paofu",
			"method" : "chacha20",
			"protocol" : "auth_aes128_sha1",
			"protocolparam" : "105835:BDuf8G",
			"obfs" : "plain",
			"obfsparam" : "33a96105835.microsoft.com",
			"remarks_base64" : "W1YxXSDpppnmuK8xMw",
			"group" : "泡芙云",
			"enable" : true,
			"udp_over_tcp" : false
		}
	],
	"index" : 23,
	"random" : false,
	"sysProxyMode" : 2,
	"shareOverLan" : false,
	"localPort" : 1080,
	"localAuthPassword" : "5JztWWdYNn2fVhy3XXb2",
	"dnsServer" : "",
	"reconnectTimes" : 3,
	"randomAlgorithm" : 3,
	"randomInGroup" : false,
	"TTL" : 30,
	"connectTimeout" : 5,
	"proxyRuleMode" : 2,
	"proxyEnable" : false,
	"pacDirectGoProxy" : false,
	"proxyType" : 0,
	"proxyHost" : "",
	"proxyPort" : 0,
	"proxyAuthUser" : "",
	"proxyAuthPass" : "",
	"proxyUserAgent" : null,
	"authUser" : "",
	"authPass" : "",
	"autoBan" : false,
	"sameHostForSameTarget" : true,
	"keepVisitTime" : 180,
	"isHideTips" : true,
	"nodeFeedAutoUpdate" : true,
	"serverSubscribes" : [
		{
			"URL" : "https://www.paofusub.com/link/GEE9JOWzor9fyBRD?sub=1",
			"Group" : "泡芙云"
		}
	],
	"token" : {

	},
	"portMap" : {

	}
}